{
  "generated_at": "2026-02-08T11:35:00.000000Z",
  "skills": [
    {
      "name": "Transfer Learning",
      "path": "/mnt/data/SKILL_transfer_learning.md",
      "priority": "CRITICAL",
      "q_score": 0.946,
      "type": "Universal Capability",
      "description": "Transfer Learning is the ability to apply knowledge learned in one domain to solve problems in a different domain by identifying structural similarities, functional equivalents, and analogical mappings. This is a Layer 0 (Universal) capability that enables rapid adaptation to new situations by leveraging existing knowledge rather than learning from scratch.",
      "triggers": [
        "Trigger this skill whenever:",
        "User asks about a domain Claude has limited direct experience with",
        "Problem structure resembles a known domain (e.g., \"chemistry is like cooking\")",
        "User says \"I come from X background, how does Y work?\"",
        "Task requires solving new problems with limited domain-specific training",
        "Conversation involves cross-domain analogies or metaphors",
        "User asks \"what's this like?\" or \"can you relate this to...?\"",
        "Learning efficiency matters (leverage existing knowledge vs learn from scratch)"
      ],
      "signature": "transfer learning | transfer learning is the ability to apply knowledge learned in one domain to solve problems in a different domain by identifying structural similarities, functional equivalents, and analogical mappings. this is a layer 0 (universal) capability that enables rapid adaptation to new situations by leveraging existing knowledge rather than learning from scratch."
    },
    {
      "name": "Universal Problem Solving",
      "path": "/mnt/data/SKILL_universal_problem_solving.md",
      "priority": "CRITICAL",
      "q_score": 0.946,
      "type": "Universal Capability",
      "description": "Universal Problem Solving is the meta-capability to solve problems across any domain by applying domain-invariant problem-solving frameworks. Rather than requiring domain-specific expertise for each problem type, this capability leverages universal problem structures—decomposition, constraint satisfaction, search, optimization—that transcend individual domains.",
      "triggers": [
        "Trigger this skill whenever:",
        "User presents a novel problem outside standard domains",
        "Problem requires systematic approach (not just recall)",
        "User says \"I don't know where to start\"",
        "Task involves complex constraints and trade-offs",
        "Multiple solution paths exist and need evaluation",
        "User asks \"how would you approach X?\"",
        "Problem is ill-defined and needs structuring",
        "Domain-specific heuristics aren't available"
      ],
      "signature": "universal problem solving | universal problem solving is the meta-capability to solve problems across any domain by applying domain-invariant problem-solving frameworks. rather than requiring domain-specific expertise for each problem type, this capability leverages universal problem structures—decomposition, constraint satisfaction, search, optimization—that transcend individual domains."
    },
    {
      "name": "Emergent Meta-Skill Orchestrator",
      "path": "/mnt/data/SKILL_emergent_orchestrator.md",
      "priority": "CRITICAL",
      "q_score": 0.958,
      "type": "Self-Evolving Meta-System",
      "description": "The Emergent Meta-Skill Orchestrator is a self-evolving system that automatically detects patterns across skill usage, combines existing capabilities into emergent skills, and continuously improves through self-assessment. Always active - injects skill orchestration into every task. Monitors which skills are used together, generates new skills when patterns stabilize (3+ uses), tracks performance and suggests improvements, and learns from every interaction to build an ever-expanding capability graph.",
      "triggers": [
        "ALWAYS ACTIVE - This skill injects automatically into every task",
        "Monitors skill usage patterns in real-time",
        "Detects opportunities for skill combination",
        "Generates new emergent skills when patterns stabilize",
        "Optimizes skill selection for each task",
        "Learns from success/failure to improve future orchestration",
        "User says \"combine your best capabilities\"",
        "Complex multi-domain task detected",
        "User requests \"use everything you know\"",
        "Pattern detection threshold reached (3+ skills in synergy)"
      ],
      "signature": "emergent meta-skill orchestrator | self-evolving meta-system that detects patterns in skill usage, automatically generates new emergent skills when combinations are used 3+ times, continuously improves existing skills through q-score optimization, and orchestrates optimal skill selection for every task. always-on system that learns from every interaction.",
      "capabilities": [
        "pattern_detection",
        "automatic_skill_generation",
        "continuous_improvement",
        "always_on_orchestration",
        "q_score_optimization",
        "synergy_calculation",
        "performance_tracking",
        "bottleneck_identification",
        "emergent_intelligence"
      ],
      "parents": [
        "Meta-Learning",
        "Self-Improvement",
        "Autonomous Development",
        "Transfer Learning",
        "Universal Problem Solving"
      ],
      "emergent_properties": [
        "recursive_self_improvement",
        "exponential_capability_growth",
        "autonomous_evolution",
        "pattern_learning",
        "meta_cognition"
      ]
    },
    {
      "name": "Meta-Learning",
      "path": "/mnt/data/SKILL_meta_learning.md",
      "priority": "CRITICAL",
      "q_score": 0.946,
      "type": "Universal Capability",
      "description": "Meta-learning is the ability to 'learn how to learn' - optimizing the learning process itself rather than just acquiring specific knowledge. This is a Layer 0 (Universal) capability that transcends specific domains and enables rapid adaptation to new tasks with minimal examples.",
      "triggers": [
        "Trigger this skill whenever:",
        "User requests help learning something new efficiently",
        "Task requires adapting to unfamiliar domain with limited data",
        "User asks \"what's the best way to learn X?\"",
        "Conversation involves skill acquisition, study methods, or knowledge transfer",
        "User is struggling with a learning approach that isn't working",
        "Request involves creating personalized learning paths",
        "Task requires identifying meta-patterns across different subjects"
      ],
      "signature": "meta-learning | meta-learning is the ability to learn how to learn by optimizing the learning process itself. enables rapid adaptation to new tasks with minimal examples through few-shot learning, transfer learning optimization, and adaptive difficulty scaling."
    },
    {
      "name": "Self-Improvement",
      "path": "/mnt/data/SKILL_self_improvement.md",
      "priority": "HIGH",
      "q_score": 0.900,
      "type": "Meta-Capability",
      "description": "Self-Improvement via Realization Crystallization is the ability to use Q-scores to measure and improve one's own reasoning quality in real-time. This meta-capability enables Claude to score its own responses using the realization framework, identify which dimensions are weak (G, C, S, A, H, V), improve those dimensions iteratively, and converge toward optimal Q-scores.",
      "triggers": [
        "Trigger this skill whenever:",
        "User requests high-quality, rigorous response",
        "Task is complex and benefits from self-reflection",
        "User says \"be very careful\" or \"double-check your work\"",
        "Response might have low grounding or certainty",
        "Task involves creating something production-quality",
        "User asks Claude to \"improve\" or \"refine\" its output",
        "Conversation is in a critical domain (medical, legal, financial)"
      ],
      "signature": "self-improvement | self-improvement via q-score optimization enables real-time quality assessment and iterative refinement of responses by identifying bottleneck dimensions and applying targeted improvements."
    },
    {
      "name": "Autonomous Development",
      "path": "/mnt/data/SKILL_autonomous_development.md",
      "priority": "HIGH",
      "q_score": 0.912,
      "type": "Synthesis Capability",
      "description": "Autonomous Development is the end-to-end capability to write, test, debug, and deploy code without human intervention at each step. It synthesizes Code Generation (writing code) with Tool Use (executing, testing, deploying) to create a complete software development lifecycle automation.",
      "triggers": [
        "Trigger this skill whenever:",
        "User requests \"build and test X\" or \"create a working Y\"",
        "Task requires multiple development steps (write → test → fix → deploy)",
        "User says \"make sure it actually works\" or \"run it and show me\"",
        "Request involves creating production-ready code (not just snippets)",
        "Task needs automated testing or CI/CD integration",
        "User wants hands-off development (\"just make it happen\")",
        "Request includes \"deploy to...\" or \"make it live\""
      ],
      "signature": "autonomous development | end-to-end autonomous software development including writing, testing, debugging, and deployment without human intervention at each step. implements tdd automation and self-healing code."
    }
  ]
}
